fid,Nom,azimuth,type,longueur,x1,y1,x2,y2,magnitude
"1",,90.7044208114125,,798.111162493164,691113.887682238,6497175.2380517,691911.938526721,6497165.42595115,4.9
"2",,6.51980175166324,,576.098348504869,692023.142332919,6497727.98638251,691957.728329273,6497155.61385061,4.5
"3",,97.3264066601585,,461.667180114336,692530.100861176,6497786.85898579,692987.998886699,6497727.98638251,4.3
"4",,154.925580658182,,393.599924748901,692814.651777037,6498091.03410274,692981.457486335,6497734.52778287,4.1
"5",,133.005430698761,,465.141404928789,691960.999029455,6497113.09474824,692301.151848415,6496795.83683055,4.3
"6",,42.2880165325795,,879.824428387053,692382.919352973,6496786.02473001,692974.91608597,6497436.89406628,5
"7",,50.8067269054946,,548.620349921414,693203.865098731,6497574.26347394,693629.056122431,6497920.95769326,4.5
"8",,173.785970509015,,1148.22074684042,694041.164345401,6497659.30167868,694165.450952329,6496517.82731506,5.3
"9",,178.258435149298,,968.574661922253,694538.310773112,6497165.42595115,694567.747074753,6496197.29869719,5.1
"10",,179.650639820498,,536.404801452353,694734.55278405,6497234.11065498,694737.823484232,6496697.71582508,4.5
"11",,26.1950651237234,,1585.60158062118,691247.986389713,6495592.21916346,691947.916228726,6497014.97374277,5.7
"12",,13.072323497682,,1084.54169168938,691866.148724169,6495238.98354378,692111.451237842,6496295.41970266,5.3
"13",,58.3805710721083,,1029.35643247344,692010.05953219,6496177.6744961,692886.607181048,6496717.34002618,5.2
"14",,147.94650951563,,412.912134939295,692847.35877886,6496753.31772818,693066.495691075,6496403.35280868,4.2
"15",,49.1729844760451,,540.299475343825,692709.989371203,6496102.4483919,693118.826893991,6496455.68401159,4.5
"16",,86.0218065771193,,2734.35229985345,693105.744093262,6496419.70630959,695833.508045304,6496609.40692016,6.3
"17",,55.9764981420928,,1870.53170639894,693622.514722066,6495137.59183813,695172.826608479,6496184.21589646,5.9
"18",,95.4875570600828,,752.438776378472,692866.982979954,6495211.18259223,693615.973321702,6495139.22718822,4.8
"19",,96.881723630763,,191.077204701446,692588.973464458,6495158.85138931,692778.674075031,6495135.95648803,3.3
"20",,87.8789036033427,,176.738905374613,692356.753751514,6495099.97878603,692533.371561359,6495106.52018639,3.2
"21",,77.6045931662603,,304.737298544237,693223.489299825,6494576.66675686,693521.123016415,6494642.08076051,3.8
"22",,52.5614284276327,,263.631419784294,693638.868222978,6494707.49476415,693848.193034645,6494867.75907308,3.7
"23",,31.6754687380631,,180.630321462879,693946.314040114,6494978.96287928,694041.164345401,6495132.68578785,3.2
"24",,70.9422954897621,,190.319904910334,692170.323841123,6494684.59986287,692350.212351149,6494746.74316634,3.3
"25",,23.4480625779633,,295.903482915546,692412.355654613,6495024.75268183,692294.61044805,6494753.2845667,3.8
"26",,71.5650511769211,,134.457207555118,692288.069047686,6494871.02977327,692415.626354796,6494913.54887564,2.9
"27",,72.2161115571903,,182.046126178258,691872.690124533,6494360.80054483,692046.037234195,6494416.40244793,3.3
"28",,41.5526131480027,,192.304933017127,692036.225133648,6494386.96614628,692163.782440758,6494530.87695431,3.3
"29",,8.32565033039833,,135.527018025829,692186.677342034,6494674.78776233,692167.05314094,6494540.68905485,2.9
"30",,176.009086901557,,140.98197491151,693190.782298002,6496113.89584254,693200.594398549,6495973.2557347,3
"31",,50.0796078599576,,208.966772631811,693037.059389433,6495839.15702723,693197.323698366,6495973.2557347,3.4
"32",,149.743562836428,,136.314057266719,693194.052998184,6495963.44363416,693262.737702013,6495845.69842759,2.9
"33",,95.9849523150418,,407.789555610315,693478.603914045,6495783.55512413,693884.17073665,6495741.03602176,4.2
"34",,118.345693623126,,282.437791367734,693965.938241208,6495721.41182067,694214.511455063,6495587.31311319,3.7
"35",,51.5592112430067,,1336.25615758684,693975.750341755,6494481.81645157,695022.374400093,6495312.57429788,5.5
"36",,39.7350532453893,,680.502166034189,695316.7374165,6494504.71135285,695751.740540747,6495028.02338202,4.7
"37",,93.5763343749921,,314.599876069207,695732.116339653,6495047.64758311,696046.103557154,6495028.02338202,3.9
"38",,48.9575531140662,,368.603702434081,696068.99845843,6495181.74629059,696347.007973926,6495423.77810408,4
"39",,172.613956848733,,356.191113077082,695041.998601186,6497124.54219887,695087.788403739,6496771.30657919,4
"40",,5.02407525853172,,298.781639246323,697442.692534998,6496970.81929031,697416.52693354,6496673.18557372,3.8
"41",,42.4551956201477,,208.351559993642,697589.874043202,6496247.99455002,697730.514151041,6496401.71745859,3.4
"42",,58.6197705780981,,540.180667277285,695715.762838741,6497628.23002695,696176.931564446,6497909.51024263,4.5
"43",,88.9291755452145,,350.02604875062,695696.138637647,6497255.37020617,696046.103557154,6497261.91160653,4
"44",,88.9769698114791,,183.188410561578,696180.202264629,6497467.96571802,696363.361474838,6497471.2364182,3.3
"45",,37.0198862548098,,249.882350131006,696039.562156789,6497261.91160653,696190.014365176,6497461.42431765,3.6
"46",,85.0302592718974,,528.569841050972,695493.355226345,6496990.4434914,696019.937955696,6497036.23329395,4.4
"47",,64.9658747090297,,656.987524775368,696199.826465722,6496889.05178575,696795.093898902,6497167.06130124,4.7
"48",,109.916405993888,,360.05195115821,690706.685509542,6497629.86537704,691045.20297841,6497507.21412021,4
"49",,42.7630209365813,,296.255754467814,691032.120177681,6497528.47367139,691233.268238893,6497745.97523352,3.8
"50",,176.063833887315,,357.349254008214,691076.274630142,6497543.19182221,691100.804881509,6497186.68550234,4
"51",,71.2935092313475,,545.592104063161,690556.233301156,6497139.2603497,691073.00392996,6497314.24280945,4.5
"52",,163.340585985153,,450.648009717691,691835.077072437,6497731.2570827,691964.269729638,6497299.52465863,4.3
"53",,24.4439547803914,,197.600103343351,691467.123301928,6497183.41480216,691548.890806485,6497363.30331219,3.3
"54",,16.6992442339886,,256.103343015196,691288.870141992,6497189.95620252,691362.460896094,6497435.2587162,3.6
"55",,14.868281358514,,191.196136062193,691738.591417059,6497183.41480216,691787.651919793,6497368.20936246,3.3
"56",,15.4221613187713,,196.786372624361,691696.072314689,6497185.05015225,691748.403517606,6497374.75076282,3.3
"57",,167.254710526867,,140.839631145751,691620.846210496,6497324.05491,691651.917862228,6497186.68550234,3
"58",,171.634113876036,,112.39983765663,691401.709298281,6497301.16000872,691418.062799193,6497189.95620252,2.7
"59",,23.6705384848906,,130.3467379936,691416.427449102,6496983.90209104,691468.758652019,6497103.28264769,2.9
"60",,177.954591511113,,91.6379918525098,691480.206102657,6497059.12819523,691483.476802839,6496967.54859013,2.5
"61",,176.284710894578,,126.187156666027,691723.873266238,6497100.01194751,691732.050016694,6496974.08999049,2.8
"62",,177.45519562015,,147.326800942416,690762.287412641,6497893.15674172,690768.828813005,6497745.97523352,3
"63",,40.8724082975331,,112.459305327083,690687.061308448,6497662.57237887,690760.65206255,6497747.61058361,2.7
"64",,85.1488839047347,,444.773136586604,691326.483194088,6497688.73798033,691769.663068791,6497726.35103242,4.3
"65",,72.7736436091082,,1225.90188563364,689988.766819526,6496772.94192928,691159.677484791,6497135.98964951,5.4
"66",,56.9151470712207,,257.639013796784,689743.464305853,6496593.05341925,689959.330517885,6496733.69352709,3.6
"67",,70.0744193419303,,278.317175864264,689364.063084705,6496324.8560043,689625.71909929,6496419.70630959,3.7
"68",,28.767649338807,,190.291798891679,689717.298704394,6496583.24131871,689625.71909929,6496416.43560941,3.3
"69",,97.5326014009364,,399.199642823773,688893.082258453,6496318.31460394,689288.836980512,6496265.98340102,4.1
"70",,66.6911547548682,,669.535574929709,690741.027861456,6495621.65546511,691355.919495729,6495886.58217987,4.7
"71",,64.6378330510563,,557.412143193051,690593.846353252,6495428.68415435,691097.534181327,6495667.44526766,4.5
"72",,103.593386358648,,821.049984564882,689589.741397284,6497845.73158908,690387.792241767,6497652.76027832,4.9
"73",,63.711737875208,,302.782761859175,690132.677627547,6497535.01507176,690404.145742678,6497669.11377923,3.8
"74",,85.3466484126451,,282.210446717478,690394.333642131,6497649.48957814,690675.61385781,6497672.38447941,3.7
"75",,157.023055496807,,444.06907173054,690531.703049788,6497934.040494,690705.05015945,6497525.20297121,4.3
"76",,109.4477587132,,1346.55426687353,689256.129978689,6498385.39711916,689275.754179783,6498372.31431843,5.5
"77",,117.783926412242,,343.812667730599,691434.416300104,6498287.27611369,691738.591417059,6498127.01180475,4
"78",,58.7490489833993,,447.620145272477,691738.591417059,6498146.63600585,692121.263338388,6498378.85571879,4.3
"79",,161.438290809751,,934.997023853994,693040.330089616,6498241.48631113,693337.963806206,6497355.12656173,5.1
"80",,164.931511840483,,264.198892746191,692909.502082324,6498280.73471332,692978.186786152,6498025.6200991,3.7
"81",,64.4208209524693,,765.106190791442,692114.721938024,6497826.10738798,692804.83967649,6498156.44810639,4.9
"82",,55.4914770123482,,952.582654718316,691764.757018517,6497813.02458725,692549.72506227,6498352.69011733,5.1
"83",,90.5509039792962,,340.168543116345,692454.874756984,6498287.27611369,692795.027575943,6498284.0054135,4
"84",,47.9507791090461,,449.266120077707,692690.36517011,6498234.94491077,693023.976588705,6498535.84932754,4.3
"85",,179.131948550254,,215.890988641588,690731.215760909,6498319.98311551,690734.486461091,6498104.11690348,3.4
"86",,178.315315682104,,222.503788665719,690597.117053434,6498310.17101496,690603.658453799,6498087.76340257,3.5
"87",,160.605850730229,,679.621277074631,689197.257375408,6497907.87489254,689422.935687987,6497266.81765681,4.7
"88",,161.652793496722,,675.389688359746,689501.432492362,6497227.56925462,689714.028004212,6496586.51201889,4.7
"89",,150.945395900911,,370.413113169799,690024.744521531,6497028.0565435,690204.633031558,6496704.25722545,4
"90",,156.599522444795,,609.413162097735,690139.219027912,6497273.35905717,690381.250841402,6496714.069326,4.6
"91",,159.102234501178,,385.110189840364,688919.247859912,6497368.20936246,689056.617267569,6497008.4323424,4.1
"92",,177.904747435376,,536.753689143379,689122.031271215,6497312.60745936,689141.655472309,6496776.21262946,4.5
"93",,94.1760905275727,,1033.01325657076,688651.050444963,6496665.00882326,689681.321002389,6496589.78271907,5.2
"94",,105.85192815436,,275.399947257009,688719.735148791,6496494.93241378,688984.661863558,6496419.70630959,3.7
"95",,71.9112450275276,,1369.4199422626,688422.101432201,6495670.71596785,689723.840104759,6496095.90699155,5.5
"96",,91.3693594409051,,1642.36052893098,690757.381362367,6499000.28875343,692399.272853884,6498961.04035125,5.7
"97",,7.52382043861866,,349.705001009364,692173.594541305,6498683.03083575,692127.804738753,6498336.33661642,4
"98",,88.5679038157969,,654.344423292011,693023.976588705,6498856.37794541,693678.116625166,6498872.73144632,4.7
"99",,110.188353682991,,1014.07530385149,690449.935545231,6498843.29514468,691401.709298281,6498493.33022517,5.2
"100",,120.421852162667,,652.379666428525,689946.247717156,6499566.11988497,690508.808148512,6499235.77916656,4.7
"101",,110.176859627098,,1735.2998727234,689651.884700748,6498790.96394176,691280.693391536,6498192.4258084,5.8
"102",,8.90171603287698,,274.777749461854,691382.085097187,6498041.97360002,691339.565994818,6497770.50548488,3.7
"103",,108.711737874952,,214.09974413712,691087.72208078,6497819.56598762,691290.505492083,6497750.88128379,3.4
"104",,85.6839724801402,,173.840099238169,690832.60746656,6498015.80799856,691005.954576222,6498028.89079929,3.2
"105",,176.689058485392,,198.208209048124,689949.518417338,6498493.33022517,689960.965867976,6498295.45286414,3.3
"106",,9.30205471133306,,192.228429721711,690377.98014122,6498300.35891442,690346.908489488,6498110.65830384,3.3
"107",,3.75172907051723,,99.9705976446069,690202.997681467,6498176.07230749,690196.456281102,6498076.31595193,2.6
"108",,119.59775379324,,1105.88849560195,690412.322493134,6499935.70900557,691373.908346732,6499389.50207512,5.3
"109",,112.804540471367,,312.227693113506,689611.000948469,6499428.75047731,689898.822564512,6499307.73457057,3.9
"110",,48.6118850092385,,697.518511181573,688606.895992502,6497878.4385909,689130.20802167,6498339.6073166,4.8
"111",,46.041626675996,,381.664225251738,688786.784502528,6497796.67108634,689061.523317842,6498061.59780111,4.1
"112",,102.898751104144,,439.553387594941,689218.516926593,6498045.2443002,689646.978650475,6497947.12329473,4.2
"113",,45.5354589855254,,247.473374694214,691959.363679364,6498983.93525252,692135.981489209,6499157.28236218,3.6
"114",,89.1048262897902,,418.700724906536,692194.85409249,6499170.36516291,692613.503715825,6499176.90656327,4.2
"115",,25.2777222355993,,130.213306911282,692639.669317284,6499203.07216473,692695.271220383,6499320.81737129,2.9
"116",,63.434948822958,,248.659270016205,692721.436821841,6499317.54667111,692943.844434238,6499428.75047731,3.6
"117",,18.9966541554773,,211.004527057495,692943.844434238,6499458.18677895,693012.529138066,6499657.69949007,3.4
"118",,64.2743873566104,,399.360394364461,692014.965582463,6499330.62947184,692374.742602517,6499503.9765815,4.1
"119",,110.148414140311,,484.262480066858,689359.157034432,6499078.7855578,689813.784359772,6498911.97984851,4.3
"120",,78.8453402610881,,236.691151286655,689723.840104759,6498902.16774796,689956.059817702,6498947.95755051,3.5
"121",,106.886791124057,,95.7064103295745,689905.363964877,6498941.41615015,689996.943569981,6498913.6151986,2.5
"122",,64.4861295726528,,159.461309430532,689967.50726834,6498903.80309805,690111.418076362,6498972.48780188,3.1
"123",,100.304846468753,,182.837698541326,690059.086873445,6498967.58175161,690238.975383472,6498934.87474978,3.3
"124",,157.315588575868,,334.995388937543,689628.989799472,6498787.69324158,689758.182456673,6498478.61207435,3.9
"125",,145.323588953977,,316.181311912681,689475.266890904,6498815.49419313,689655.15540093,6498555.47352864,3.9
"126",,112.027278668978,,231.099907647965,690770.464163096,6498622.52288237,690984.695025037,6498535.84932754,3.5
"127",,111.801409486245,,325.845301053857,689454.007339719,6499271.75686856,689756.547106582,6499150.74096182,3.9
"128",,80.4170552764805,,510.815939861107,689923.35281588,6496372.28115695,690427.040643955,6496457.31936169,4.4
"129",,85.0302592718529,,1208.1596366879,690557.868651247,6496666.64417336,691761.486318335,6496771.30657919,5.4
"130",,90.6095065766743,,1229.85285594346,690322.378238121,6496306.8671533,691552.161506668,6496293.78435257,5.4
"131",,94.3987053549888,,682.315407845758,689151.467572856,6495737.76532158,689831.773210775,6495685.43411866,4.7
"132",,75.8303556566629,,1362.82662964924,688706.652348062,6495240.61889387,690028.015221713,6495574.23031247,5.5
"133",,29.5007246235091,,856.804845465629,688889.811558271,6495724.68252085,688467.891234754,6494978.96287929,5
"134",,174.507675442902,,170.860826563179,688562.741540041,6494923.36097619,688579.095040952,6494753.28456671,3.2
"135",,77.4711922908605,,120.617462948879,688117.926315247,6494609.37375868,688235.67152181,6494635.53936014,2.8
"136",,80.5376777918692,,218.843817684499,688271.649223816,6494694.41196342,688487.515435848,6494730.38966543,3.5
"137",,70.2531633945988,,271.054036051065,687715.630192824,6494321.55214264,687970.744807043,6494413.13174775,3.7
"138",,46.6846843180488,,157.333937804994,687980.55690759,6494413.13174775,688095.031413971,6494521.06485376,3.1
"139",,73.47910781102,,805.123890368696,688817.85615426,6494586.47885741,689589.741397284,6494815.42787017,4.9
"140",,8.82478420910115,,724.864200776438,688834.209655172,6494913.54887564,688723.005848974,6494197.26553571,4.8
"141",,29.6383836880836,,218.256447846486,688405.74793129,6493880.00761803,688513.681037306,6494069.7082286,3.5
"142",,56.9761324442383,,312.073476972397,688497.327536395,6494056.62542788,688758.983550979,6494226.70183736,3.9
"143",,77.6398190164038,,1084.85235042978,687211.942364749,6493651.05860527,688271.649223816,6493883.27831821,5.3
"144",,83.3865395176954,,681.570286334344,687624.050587719,6494112.22733097,688301.085525456,6494190.72413535,4.7
"145",,90.3370301099053,,556.028650615032,687898.789403033,6494962.60937837,688454.808434025,6494959.33867819,4.5
"146",,60.6928342769038,,1008.95666980772,687817.021898475,6495142.4978884,688696.840247515,6495636.37361593,5.2
"147",,50.4403320309982,,487.87183043932,687637.133388448,6494543.95975504,688013.263909413,6494854.67627236,4.4
"148",,44.8612695700978,,955.162056786761,687054.948755998,6493595.45670217,687728.712993553,6494272.49163991,5.1
"149",,39.6948903937505,,650.351406309292,686982.993351987,6493945.42162168,687398.37227514,6494445.83874957,4.7
"150",,34.7831203702951,,808.399056039184,687342.770372041,6494530.87695431,687803.939097746,6495194.82909132,4.9
"151",,49.5414538096022,,1139.12904579352,686852.165344695,6494370.61264538,687718.900893006,6495109.79088658,5.3
"152",,40.4260787400932,,348.018483655168,688314.168326185,6494223.43113717,688539.846638764,6494488.35785194,4
"153",,8.13010235415601,,231.273427813245,688552.929439494,6494733.66036561,688520.222437671,6494504.71135285,3.5
"154",,65.205115882834,,662.920178330639,688346.875328009,6493392.67329087,688948.684161553,6493670.68280636,4.7
"155",,18.43494882291,,175.828656033613,688359.958128738,6493418.83889233,688304.356225639,6493252.03318303,3.2
"156",,77.6849815206887,,475.378016207635,688134.279816159,6493225.86758157,688598.719242046,6493327.25928722,4.3
"157",,63.1084806778268,,256.708295959496,690276.588435568,6495039.47083266,690505.53744833,6495155.58068913,3.6
"158",,12.4499965078735,,64.4771900873997,690507.990473467,6495147.40393868,690521.890949241,6495210.36491719,2.1
"159",,63.4349488230993,,84.1053413289047,690512.078848694,6495205.45886691,690587.304952887,6495243.07191901,2.4
"160",,125.217592968193,,34.0294310212553,690580.763552523,6495244.7072691,690608.564504072,6495225.08306801,1.4
"161",,123.231711067783,,56.6973777574949,690638.818480759,6495244.7072691,690686.243633402,6495213.63561737,1.9
"162",,117.323891301239,,55.2218281296996,690711.591559815,6495251.24866946,690760.65206255,6495225.90074305,1.9
"163",,86.76029970406,,86.8122942696348,690770.464163097,6495270.87287056,690857.137717928,6495275.77892083,2.4
"164",,78.9765440355623,,64.1445096864518,690868.585168566,6495328.11012375,690931.546147075,6495340.37524943,2.1
"165",,113.7026459513,,36.6132206002127,690941.358247622,6495365.72317585,690974.882924491,6495351.00502502,1.5
"166",,64.3684023496677,,179.570450591248,690979.788974764,6495351.82270007,691141.688633788,6495429.5018294,3.2
"167",,60.2551187024554,,32.9615348592198,690614.288229391,6495229.17144323,690642.906855987,6495245.52494415,1.3
"168",,63.0723221490118,,57.7778699281257,690685.425958357,6495224.26539296,690736.939486228,6495250.43099442,2
"169",,2.8985767992869,,64.6790781344454,690770.464163097,6495278.23194597,690767.193462914,6495213.63561737,2.1
"170",,10.6965107357451,,74.8920711161323,690869.402843611,6495339.55757439,690855.502367837,6495265.96682028,2.3
"171",,10.7388971008539,,48.2705375292849,690944.628947804,6495376.35295144,690935.634522303,6495328.92779879,1.8
"172",,17.8018720514498,,93.6086162969858,691169.489585338,6495497.36885818,691140.870958743,6495408.24227821,2.5
"173",,99.7824070317896,,192.49953148074,690313.383812619,6495238.98354378,690503.084423193,6495206.27654196,3.3
"174",,61.5043613817602,,97.690782890706,690410.687143043,6495277.41427092,690496.543022829,6495324.02174852,2.6
"175",,0.465809082763371,,201.154708866903,690565.227726657,6495482.65070736,690563.592376566,6495281.50264615,3.4
"176",,62.4823751818726,,153.970621098711,690566.863076748,6495579.13636274,690703.414809359,6495650.27409171,3.1
"177",,60.727707816615,,209.033951663684,690344.455464351,6495373.08225126,690526.796999515,6495475.29163195,3.4
"178",,170.331331338906,,111.976709064081,690195.638606056,6495454.84975581,690214.445132105,6495344.46362466,2.7
"179",,93.1363583683265,,119.559638782463,690118.777151772,6495348.55199989,690238.157708426,6495342.01059952,2.8
"180",,102.942624265628,,135.077343709077,690174.379054871,6495241.43656892,690306.024737209,6495211.18259223,2.9
"181",,81.1604334791077,,457.609558191284,690600.387753617,6495135.95648804,691052.56205382,6495206.27654196,4.3
"182",,30.7960620464546,,287.472963802909,691231.632888802,6495429.5018294,691084.451380598,6495182.56396564,3.8
"183",,11.0035408517192,,119.950448824437,691001.866200995,6495175.20489023,690978.971299718,6495057.45968366,2.8
"184",,73.5065375678077,,152.644842472842,690996.960150721,6495157.21603922,691143.323983879,6495200.55281664,3.1
"185",,7.68190461625647,,177.392146587684,691165.40121011,6495251.24866946,691141.688633788,6495075.44853467,3.2
"186",,69.4174657487833,,207.002637793234,690974.882924491,6495067.27178421,691168.671910292,6495140.04486327,3.4
"187",,17.8786965958498,,532.68250260244,691337.930644726,6495476.92698204,691174.395635611,6494969.96845378,4.5
"188",,70.6898605747232,,440.140129891514,690582.398902614,6494770.45574266,690997.777825767,6494916.00190078,4.2
"189",,12.8243981022236,,206.294082676135,691030.48482759,6495050.10060825,690984.695025038,6494848.95254704,3.4
"190",,45.8303154865561,,79.7977116273911,690940.540572576,6494806.43344467,690997.777825767,6494862.03534777,2.3
"191",,6.17017509500607,,121.721030887731,690951.988023215,6494850.58789713,690938.905222485,6494729.57199038,2.8
"192",,108.614277750675,,660.912126637873,690103.241325906,6495864.50495365,690729.580410818,6495653.54479189,4.7
"193",,76.0382633554815,,305.00923274411,689781.077357949,6495799.09095,690077.075724448,6495872.6817041,3.8
"194",,79.0652131023386,,1077.63739175845,689761.453156855,6495946.2724582,690819.524665831,6496150.6912196,5.2
"195",,106.808691626261,,328.00084324169,690783.546963826,6496036.21671322,691097.534181327,6495941.36640793,3.9
"196",,29.6758918305444,,336.917840550764,690997.777825767,6495756.57184763,691164.583535064,6496049.29951395,3.9
"197",,67.3155885759382,,334.995388937623,690705.050159451,6495712.41739517,691014.131326678,6495841.61005237,3.9
"198",,43.231333654553,,487.062607690432,690464.653696051,6495756.57184763,690798.265114646,6496111.44281741,4.4
"199",,121.515323411349,,466.146496341442,689813.784359772,6495784.37279918,690211.174431922,6495540.7056356,4.3
"200",,64.6395890820291,,313.087337177719,690116.324126635,6495547.24703596,690399.239692405,6495681.34574344,3.9
"201",,105.945395900893,,309.543737647005,690337.096388941,6495619.20243997,690634.730105531,6495534.16423523,3.8
"202",,67.8391862604905,,580.945316595392,689565.211145917,6495261.06077001,690103.241325906,6495480.19768222,4.6
"203",,116.04836977674,,729.917771039317,689583.19999692,6495215.27096746,690238.975383472,6494894.74234959,4.8
"204",,152.818888914435,,204.058667211371,690469.559746324,6495033.74710734,690562.77470152,6494852.22324722,3.4
"205",,155.949701470364,,216.688515377572,690616.741254528,6495069.72480934,690705.050159451,6494871.84744832,3.4
"206",,69.2744411343474,,194.083745667136,691182.572386067,6495493.28048295,691364.096246185,6495561.96518678,3.3
"207",,73.7397952913976,,81.7675045577437,691388.626497552,6495583.22473797,691467.123301928,6495606.11963924,2.4
"208",,68.7494944916858,,31.5838563258019,691450.769801016,6495629.01454052,691480.206102657,6495640.46199116,1.3
"209",,63.4349488229534,,380.302412965899,689835.043910957,6495136.77416308,690175.196729917,6495306.85057256,4.1
"210",,76.7151335150095,,241.965506431239,690498.996047965,6495756.57184763,690734.486461091,6495812.17375073,3.6
"211",,110.501425808597,,1204.69260751908,693220.218599643,6497820.38366266,694348.610162539,6497398.46333915,5.4
"212",,130.900486596612,,679.369384726032,693328.151705659,6497506.39644516,693841.651634281,6497061.58122037,4.7
"213",,163.436796142381,,791.651341944236,693357.5880073,6497257.82323131,693583.266319879,6496499.02078901,4.9
"214",,32.8723656041429,,1970.48489285524,694142.556051053,6497189.13852748,695212.075010667,6498844.11281972,5.9
"215",,34.6583547055194,,966.230378498762,694286.466859075,6496960.18951472,694835.944489702,6497754.96965902,5.1
"216",,100.143677331265,,1039.98494378661,695254.594113037,6499007.64782884,696278.323270099,6498824.48861863,5.2
"217",,102.264773727942,,384.915696748141,695892.380648587,6498176.88998253,696268.511169552,6498095.12247798,4.1
"218",,102.875001559593,,469.707165127882,695352.715118506,6498104.93457852,695810.613144029,6498000.27217269,4.3
"219",,173.722701510402,,329.042841992587,694770.530486056,6497938.12886923,694806.508188061,6497611.058851,3.9
"220",,164.744881296968,,298.333757658993,694649.514579311,6497862.90276503,694728.011383686,6497575.08114899,3.8
"221",,171.686844659998,,723.889523511148,694950.418996083,6498396.02689475,695055.081401917,6497679.74355482,4.8
"222",,151.927513064164,,444.815224793794,695035.457200823,6498065.68617634,695244.78201249,6497673.20215446,4.3
"223",,158.435593420509,,587.316126429169,695329.82021723,6497663.39005391,695545.686429262,6497117.18312347,4.6
"224",,79.9194020124733,,448.467741884804,695565.310630356,6497071.39332092,696006.855154968,6497149.89012529,4.3
"225",,46.2364076027793,,321.5449286366,696062.457058067,6497058.31052019,696294.67677101,6497280.71813258,3.9
"226",,49.3569750058493,,487.081825157908,696186.743664994,6497588.16394972,696556.332785595,6497905.4218674,4.4
"227",,68.7710650736957,,2249.14330073359,693521.123016416,6498189.97278326,695617.641833273,6499004.37712866,6.1
"228",,36.7618944193509,,694.043811747289,693082.849191987,6498562.83260405,693498.228115139,6499118.85163504,4.8
"229",,100.466755693766,,828.184946014348,692628.221866646,6499082.87393303,693442.62621204,6498932.42172465,4.9
"230",,116.69586323175,,640.664965437229,693723.906427718,6499063.24973194,694296.278959622,6498775.4281159,4.7
"231",,32.0740008752842,,289.489301759127,694397.670665273,6498755.8039148,694551.393573842,6499001.10642848,3.8
"232",,105.672820509575,,472.183091123952,693213.677199279,6499409.94395126,693668.304524619,6499282.38664415,4.3
"233",,32.5604379812329,,322.093399436701,692196.489442582,6498716.55551262,692369.836552244,6498988.02362775,3.9
"234",,63.1301869125338,,549.983577484809,692428.709155526,6498997.83572829,692919.314182871,6499246.40894215,4.5
"235",,27.824096384204,,266.275975889848,695794.259643118,6497977.37727141,695918.546250045,6498212.86768454,3.7
"236",,30.7841465262822,,178.934503911012,696075.539858796,6498124.55877962,696167.1194639,6498278.28168819,3.2
"237",,105.237027203976,,908.483709235566,694629.890378217,6497503.12574498,695506.438027075,6497264.36463167,5.1
"238",,41.6981343255396,,722.772940014623,695820.425244576,6497297.07163349,696301.218171375,6497836.73716358,4.8
"239",,115.325901427741,,879.289284920055,693197.323698367,6498049.33267542,693992.103842667,6497673.20215446,5
"240",,153.00416160593,,389.089620097319,693135.180394903,6498458.17019821,693311.798204748,6498111.47597889,4.1
"241",,85.5056423473757,,751.300549346869,693272.54980256,6498036.2498747,694021.540144308,6498095.12247798,4.8
"242",,171.950938298337,,327.020954047643,694024.810844491,6498013.35497342,694070.600647043,6497689.55565537,3.9
"243",,116.424275589319,,595.32134337884,694073.871347225,6498134.37088017,694606.995476941,6497869.4441654,4.6
"244",,100.604933853156,,781.970994432043,692847.358778861,6498487.60649985,693615.973321702,6498343.69569183,4.9
"245",,166.587642358102,,437.112896868918,693635.597522796,6498585.72750532,693736.989228448,6498160.53648162,4.2
"246",,36.8019311539935,,551.44043871972,692732.88427248,6498477.79439931,693063.224990893,6498919.33892392,4.5
"247",,103.877529803095,,286.368432698546,692984.728186517,6499154.82933704,693262.737702013,6499086.14463322,3.8
"248",,20.1858030094913,,236.962171777373,693413.189910399,6499262.76244306,693331.422405842,6499040.35483066,3.5
"249",,114.179107146658,,351.352978550519,693377.212208394,6499239.86754178,693697.74082626,6499095.95673376,4
"250",,60.3408907639681,,270.994830247166,693648.680323525,6499037.08413048,693884.170736651,6499171.18283796,3.7
"251",,83.9909940425148,,1124.75950640841,694495.791670742,6499007.64782884,695614.371133091,6499125.3930354,5.3
"252",,105.599085802777,,668.968134546624,695591.476231815,6499207.16053996,696235.804167729,6499027.27202993,4.7
"253",,80.6900598250246,,202.175838979133,695401.775621241,6498438.54599712,695601.288332362,6498471.25299894,3.4
"254",,52.5946433686493,,139.992081127425,695516.250127622,6498294.6351891,695627.45393382,6498379.67339384,3
"255",,56.2622257577067,,1089.46232642358,695617.641833273,6498124.55877962,696523.625783772,6498729.63831334,5.3
"256",,103.172553423472,,157.876938342256,696180.20226463,6498291.36448892,696333.925173198,6498255.38678691,3.1
"257",,101.82148834077,,143.687632687415,696340.466573563,6498382.94409402,696481.106681402,6498353.50779238,3
"258",,60.1908857932707,,723.734340193832,695764.823341477,6498428.73389657,696392.79777648,6498788.51091663,4.8
"259",,150.03781590357,,320.895527273431,693053.412890346,6497555.4569479,693213.677199279,6497277.4474324,3.9
"260",,56.8042755093058,,1051.401663473,695941.441151321,6496499.02078901,696821.259500362,6497074.6640211,5.2
"261",,66.5014343240803,,492.172459541478,695640.536734549,6496727.96980177,696091.893359707,6496924.21181271,4.4
"262",,166.383191056353,,1083.62398911732,695280.759714496,6498605.35170642,695535.874328715,6497552.18624771,5.2
"263",,102.191336470632,,542.078471625187,694780.342586603,6497575.08114899,695310.196016136,6497460.60664261,4.5
"264",,109.173678681631,,2887.96714305486,690312.566137574,6500741.11892546,693040.330089617,6499792.61587259,6.3
"265",,91.0341075448818,,1812.26306650338,693301.986104201,6499897.27827843,695113.954005198,6499864.5712766,5.8
"266",,108.758650347951,,366.143162412851,697495.023737916,6498922.6096241,697841.717957241,6498804.86441754,4
"267",,103.851419013891,,491.824572974474,698051.042768908,6498916.06822374,698528.564995525,6498798.32301717,4.4
"268",,59.2645122980408,,563.168604973693,697076.374114581,6498687.11921097,697560.437741562,6498974.94082702,4.5
"269",,58.079123780008,,470.116932519271,697769.76255323,6498745.99181426,698168.787975471,6498994.56502811,4.3
"270",,83.6010433726416,,704.317774756829,689625.71909929,6499910.36107916,690325.648938303,6499988.85788353,4.8
"271",,108.644311275439,,1698.30929809746,695774.635442024,6495769.65464836,697383.819931718,6495226.7184181,5.8
"272",,87.3245733438992,,700.693604587342,697560.437741562,6495383.71202685,698260.367580576,6495416.41902867,4.8
"273",,52.8152935467646,,952.442269682861,695198.992209938,6495383.71202685,695957.794652233,6495959.35525893,5.1
"274",,113.512168662299,,1098.58529836479,696572.686286506,6499687.95346676,697580.061942656,6499249.67964233,5.3
"275",,178.619645926558,,543.093831494003,698005.252966356,6499557.12545947,698018.335767085,6499014.18922921,4.5
"276",,6.91122711903992,,434.892447378166,697665.100147396,6499459.004454,697612.768944479,6499027.27202993,4.2
"277",,92.5113632671591,,2985.74622306716,692693.635870292,6500420.5903076,695676.514436555,6500289.7623003,6.4
"278",,90,,1936.25450792466,694911.170593895,6500937.3609364,696847.42510182,6500937.3609364,5.9
"279",,101.381462748367,,2055.16600254427,696690.431493069,6496044.39346367,698705.182805369,6495638.82664107,6
"280",,81.7690248988224,,1050.90808466985,694688.762981498,6495789.27884945,695728.845639472,6495939.73105784,5.2
"281",,85.1095979419536,,1227.71123936717,692484.311058625,6495455.66743086,693707.552926807,6495560.32983669,5.4
"282",,173.58121326976,,526.613200831557,693916.877738474,6496338.75648008,693975.750341756,6495815.44445091,4.4
"283",,89.1930705448988,,464.485489802708,694028.081544673,6495756.57184763,694492.52097056,6495763.11324799,4.3
"284",,75.9637565319946,,512.44680821232,692085.285636383,6495880.85845456,692582.432064094,6496005.14506148,4.4
"285",,136.507435758734,,351.657312066509,691476.935402475,6495115.5146119,691718.967215965,6494860.39999768,4
"286",,90.8126515942524,,1844.86046512851,694348.610162539,6499635.62226384,696193.285065359,6499609.45666238,5.8
"287",,59.5889187329133,,348.908754242572,696317.571672286,6499615.99806275,696618.476089059,6499792.61587259,4
"288",,30.0049208708671,,536.315050789409,695741.928440201,6496024.76926258,696010.12585515,6496489.20868846,4.5
"289",,74.9315118405113,,2641.98892746578,695702.680038013,6497843.27856394,698253.826180211,6498530.12560222,6.2
"290",,105.650515439624,,1745.86777302959,690842.419567107,6500799.99152874,692523.559460812,6500329.01070249,5.8
"291",,42.2970559621645,,1078.93453881784,692824.463877584,6500486.00431124,693550.559318056,6501284.05515573,5.2
"292",,47.7263109938847,,583.469445144422,694315.903160716,6495122.05601226,694747.63558478,6495514.54003414,4.6
"293",,111.870943165235,,2001.83952126904,696958.628908018,6497156.43152566,698816.386611568,6496410.71188409,5.9
"294",,78.0792614601828,,300.851085412416,692430.344505617,6494098.3268552,692724.707522024,6494160.47015866,3.8
"295",,65.7941149554764,,390.872619693418,692816.287127129,6494346.90006905,693172.793447,6494507.16437799,4.1
"296",,81.5730309785303,,267.818224307704,694307.72641026,6493391.85561582,694572.653125026,6493431.10401801,3.7
"297",,13.3811227728589,,763.167269552215,692083.650286292,6493182.53080415,692260.268096137,6493924.97974554,4.9
"298",,78.1356095486705,,795.419221759041,693342.86985648,6492816.21238373,694121.296499868,6492979.74739285,4.9
"299",,83.1429276659623,,520.493681959769,694664.232730131,6493561.9320253,695181.003358935,6493624.07532876,4.4
"300",,17.8188889145275,,577.165069381476,694134.379300598,6492888.16778775,694310.997110442,6493437.64541837,4.5
"301",,64.3807837846484,,2481.07994803001,689803.972259225,6492031.24433998,692041.131183922,6493104.03399978,6.2
"302",,65.161936573411,,2912.09890689343,690621.647304802,6491298.60749914,693264.373052104,6492521.84936733,6.4
"303",,11.8420761153328,,414.386225476001,693270.914452469,6492469.51816441,693355.952657209,6492875.08498702,4.2
"304",,99.8658069430679,,763.552645662399,691151.500734335,6494314.19306723,691903.761776265,6494183.36505994,4.9
"305",,99.5784229194946,,1061.42157988516,693931.595889295,6494150.65805812,694978.219947632,6493974.04024827,5.2
"306",,80.5376777918937,,557.056990469519,695056.716752008,6493974.04024827,695606.194382635,6494065.61985338,4.5
"307",,112.067899562378,,783.494846251165,695658.525585552,6493915.16764499,696384.621026024,6493620.80462858,4.9
"308",,167.905242922989,,6368.78479481493,684570.851967537,6498536.66700259,685905.297641917,6492309.25385548,7.2
"309",,108.029125876973,,12850.2942336901,671226.395223731,6502356.84481552,683445.731104824,6498379.67339384,8
"310",,66.0375110254176,,2577.01288062671,683236.406293156,6498275.010988,685591.310424416,6499321.63504634,6.2
"311",,43.8542371618317,,925.278711498453,685722.138431708,6499465.54585436,686363.19566744,6500132.76869155,5.1
"312",,162.42874122168,,1646.77074586643,685879.132040459,6501846.61558708,686376.27846817,6500276.67949957,5.7
"313",,79.5085229876819,,359.241415889066,686507.106475462,6500172.01709374,686860.342095151,6500237.43109738,4
"314",,54.9638041898884,,1390.10529452038,686834.176493692,6500329.01070249,687972.380157134,6501127.06154697,5.5
"315",,150.832386620426,,644.253220156678,687030.418504631,6501218.64115208,687344.405722132,6500656.08072072,4.7
"316",,10.9228047198732,,759.478837415322,687409.819725778,6501872.78118854,687265.908917757,6501127.06154697,4.9
"317",,155.71417484435,,1176.94318007797,683851.29792743,6500054.27188718,684335.361554411,6498981.48222738,5.3
"318",,161.09542415738,,1009.49725332739,683602.724713575,6499858.02987624,683929.794731805,6498902.985423,5.2
"319",,171.050541915794,,1681.99235038734,681692.635807108,6501284.05515572,681954.291821693,6499622.53946311,5.7
"320",,67.6593520400059,,3097.64144724957,678513.515229908,6498275.010988,681378.648589607,6499452.46305363,6.4
"321",,108.277109609226,,1501.78927830367,679821.79530283,6498340.42499165,681247.820582315,6497869.4441654,5.6
"322",,112.356891329291,,1754.1201429907,680161.948121789,6497660.11935373,681784.215412213,6496992.89651654,5.8
"323",,157.878058028115,,3474.11796528148,686742.596888588,6499282.38664415,688050.87696151,6496064.01766476,6.6
"324",,66.740779054474,,1623.37473023045,686389.361268899,6496548.08129174,687880.80055203,6497189.13852748,5.7
"325",,71.2219667775093,,690.915576140501,689398.40543662,6500394.42470613,690052.545473081,6500616.83231853,4.7
"326",,31.2637316943958,,1285.64730027544,689097.501019847,6493525.95432329,689764.723857038,6494624.90958455,5.4
"327",,109.06257701455,,2643.7941759391,685565.144822958,6496548.08129174,688063.959762239,6495684.61644362,6.2
"328",,33.6900675259772,,707.560632838235,688116.290965156,6495750.03044726,688508.774987033,6496338.75648008,4.8
"329",,159.801368893625,,5645.74013055383,684956.794589049,6500028.10628572,686906.131897703,6494729.57199038,7.1
"330",,168.547659088048,,3096.86778290899,685467.023817489,6496417.25328445,686081.915451762,6493382.04351527,6.4
"331",,101.717434703205,,5411.30006052843,685794.093835719,6493512.87152256,691092.628131054,6492413.91626131,7.1
"332",,166.159304508351,,929.707673599249,688227.494771354,6492845.64868537,688449.902383751,6491942.93543506,5.1
"333",,55.1542665801731,,1259.35124084364,687874.259151665,6498458.17019821,688907.800409274,6499177.72423832,5.4
"334",,17.3933221469162,,2275.80573931336,690359.991290217,6504947.2393599,689679.685652298,6502775.49443885,6.1
"335",,19.5024485066638,,666.195944950724,689483.443641359,6501061.64754333,689261.036028963,6500433.67310832,4.7
"336",,15.7511736634499,,1060.27201456908,689758.182456673,6501061.64754333,689470.36084063,6500041.18908645,5.2
"337",,79.0771952801129,,1518.95767483119,686029.584248845,6497908.69256758,687521.023531976,6498196.51418363,5.6
"338",,162.050597007077,,976.401244010986,687337.864321767,6499073.06183248,687638.768738539,6498144.18298071,5.1
"339",,66.0375110254064,,1932.75966047033,685637.100226968,6499112.31023467,687403.278325413,6499897.27827842,5.9
"340",,117.552811576747,,678.794405461908,687089.291107912,6500603.7495178,687691.099941456,6500289.7623003,4.7
"341",,60.6039471450531,,1066.14792648453,687586.437535622,6500656.08072072,688515.316387397,6501179.39274989,5.2
"342",,85.049727765684,,1667.73640526858,688646.144394689,6499661.7878653,690307.6600873,6499805.69867332,5.7
"343",,70.7613554830959,,2064.63839543277,680933.833364813,6499426.29745217,682883.170673467,6500106.60309009,6
"344",,18.6417918937324,,572.998295298813,688436.819583022,6497843.27856394,688619.978793231,6498386.2147942,4.5
"345",,63.4349488229603,,234.032254132917,688705.016997971,6498438.54599712,688914.341809638,6498543.20840295,3.5
"346",,40.0062560141476,,478.238555129936,688711.558398335,6498085.31037743,689019.004215472,6498451.62879785,4.3
"347",,8.48160579402762,,753.965563092467,689162.915023494,6499288.92804452,689051.711217295,6498543.20840295,4.8
"348",,168.146995832252,,541.397213976461,687906.966153488,6498902.985423,688018.169959687,6498373.13199347,4.5
"349",,56.3099324740594,,471.707088558576,687645.310138904,6497856.36136467,688037.794160781,6498118.01737925,4.3
"350",,49.6501848498889,,969.915647508449,691223.456138346,6494932.35540169,691962.634379547,6495560.32983669,5.1
"351",,45.4373638675005,,1211.90807014954,691733.685366786,6494860.39999767,692597.150214914,6495710.78204507,5.4
"352",,153.638124494374,,824.968882687335,687422.902526507,6498150.72438107,687789.220946925,6497411.54613987,4.9
"353",,79.1391853783334,,1145.64181889862,686278.1574627,6497195.67992784,687403.278325413,6497411.54613987,5.3
"354",,61.4341632062216,,670.32599277167,687828.469349113,6497666.66075409,688417.195381928,6497987.18937196,4.7
"355",,162.412367256783,,1818.47400569354,688266.743173542,6497902.15116722,688816.220804169,6496168.6800706,5.8
"356",,84.8055710922736,,867.025543021016,687808.845148019,6497038.68631909,688672.309996148,6497117.18312346,5
"357",,93.513750260599,,747.124146199704,689987.131469435,6496992.89651654,689241.411827869,6497038.68631909,4.8
"358",,53.2713986879793,,1061.01836547295,688763.889601252,6496698.53350013,689614.271648652,6497333.0493355,5.2
"359",,50.25027272973,,859.316954054705,688600.354592137,6497378.83913805,689261.036028963,6497928.31676868,5
"360",,17.6428917307663,,2244.61555302379,687658.392939633,6496626.57809612,686978.087301714,6494487.54017689,6.1
"361",,107.850318302317,,405.461302421458,686186.577857596,6496116.34886768,686572.520479108,6495992.06226075,4.1
"362",,63.4349488227661,,248.659270016621,686441.692471816,6495965.89665929,686664.100084212,6496077.10046549,3.6
"363",,86.2977871468064,,1114.36359930991,691982.258580641,6497234.92833003,693094.296642625,6497306.88373404,5.3
"364",,32.8163434140183,,832.841270960489,692132.710789027,6496953.64811435,692584.067414185,6497653.57795336,5
"365",,47.770215797247,,574.229147408856,690922.551721574,6499040.35483066,691347.742745274,6499426.29745217,4.5
"366",,89.3904934233257,,614.926427971731,688377.94697974,6499125.3930354,688992.838614014,6499131.93443577,4.6
"367",,33.690067525977,,660.389923982426,689921.717465788,6497856.36136467,689555.39904537,6497306.88373404,4.7
"368",,5.19442890773479,,361.260642924844,689162.915023494,6497725.53335737,689130.208021671,6497365.75633732,4
"369",,5.51147741602264,,749.183131138637,688914.341809638,6499288.92804452,688842.386405628,6498543.20840295,4.8
"370",,64.6871161981578,,535.476652535237,687377.112723955,6499099.22743394,687861.176350936,6499328.1764467,4.5
"371",,61.843808551674,,526.775685624442,687534.106332706,6498831.03001899,687998.545758593,6499079.60323285,4.4
"372",,164.827084654477,,1199.64717173441,687808.845148019,6497254.55253112,688122.832365521,6496096.72466659,5.4
"373",,94.5139884579939,,498.693300195136,688763.889601252,6497542.37414716,689261.036028963,6497503.12574498,4.4
"374",,99.4623222080109,,596.84677550295,688057.418361874,6497535.8327468,688646.144394689,6497437.71174133,4.6
"375",,9.2110265408127,,490.386932190762,688031.252760416,6498445.08739748,687952.755956041,6497961.0237705,4.4
"376",,99.4623222080108,,1114.11398093885,686729.514087858,6499485.17005545,687828.469349113,6499302.01084524,5.3
"377",,81.4692343900656,,793.749811579437,693355.952657209,6498713.28481243,694140.920700962,6498831.03001899,4.9
"378",,9.96380418990177,,491.476440159361,690647.81290626,6500250.51389811,690562.77470152,6499766.45027113,4.4
"379",,8.13010235415601,,231.273427813245,688992.838614014,6500499.08711197,688960.131612191,6500270.13809921,3.5
"380",,6.24191434740129,,421.146308468436,689221.787626775,6500956.98513749,689175.997824223,6500538.33551416,4.2
"381",,97.2024953814654,,1200.0038062543,688266.743173542,6500662.62212108,689457.278039901,6500512.1699127,5.4
"382",,13.6713071321835,,498.178209715032,688220.95337099,6499943.06808098,688103.208164427,6499459.004454,4.4
"383",,18.9542316995135,,684.725594326566,688057.418361874,6500047.73048681,687835.010749478,6499400.13185071,4.7
"384",,75.7064418869256,,1059.80780179585,688875.093407451,6495992.06226075,689902.093264695,6496253.71827534,5.2
"385",,65.1363034282861,,295.596031852409,687403.278325413,6495337.92222429,687671.475740362,6495462.20883122,3.8
"386",,81.4308581201747,,482.913094748026,687736.889744009,6495612.6610396,688214.411970625,6495684.61644362,4.3
"387",,15.2551187030865,,223.750318243579,687108.915309006,6494618.36818418,687167.787912287,6494834.23439622,3.5
"388",,14.6763931374489,,568.010552036861,687285.53311885,6494958.52100314,687429.443926872,6495507.99863377,4.5
"389",,0.511555866585741,,732.666042935294,687023.877104266,6494834.23439622,687030.418504631,6495566.87123705,4.8
"390",,108.138082155698,,399.239836777204,689051.711217295,6499576.74966056,689431.112438443,6499452.46305363,4.1
"391",,25.1329549929056,,585.263444471578,697110.716466496,6493467.08172001,697359.289680351,6493996.93514955,4.6
"392",,90.2501983201971,,1497.99496596133,696345.372623836,6492799.85888282,697843.353307332,6492793.31748246,5.6
"393",,35.7066914005966,,1288.92148507872,698124.63352301,6492773.69328136,698876.89456494,6493820.3173397,5.4
"394",,95.7105931374908,,1577.7662412549,695481.907775708,6493604.45112767,697051.843863214,6493447.45751892,5.7
"395",,106.755748929255,,635.324565384871,696685.525442796,6494088.51475465,697293.875676705,6493905.35554444,4.7
"396",,109.043530573051,,1363.2661296335,696489.283431857,6494729.57199038,697777.939303686,6494284.75676559,5.5
"397",,73.8986976008668,,660.422320652568,697346.206879621,6493996.93514955,697980.722714989,6494180.09435975,4.7
"398",,105.993584097754,,1068.35307469379,697908.767310978,6494193.17716048,698935.767168222,6493898.81414407,5.2
"399",,98.6606036708685,,999.144035649606,696450.03502967,6495357.54642538,697437.786484726,6495207.094217,5.2
"400",,53.8017083232216,,1450.98228154549,694788.519337059,6494657.61658637,695959.430002324,6495514.54003413,5.6
"401",,82.2348339815871,,1016.69861156769,698647.945552179,6495527.62283486,699655.321208329,6495664.99224252,5.2
"402",,76.7014296695265,,739.38082318656,698942.308568586,6496391.08768299,699661.862608694,6496561.16409247,4.8
"403",,30.4655449194536,,645.082909129128,700100.136433123,6497123.72452383,699773.066414892,6496567.70549284,4.7
"404",,174.417394243467,,874.152371547325,699988.932626924,6498078.76897706,700073.970831664,6497208.76272857,5
"405",,100.388857815452,,399.025422241295,698432.079340147,6497875.98556576,698824.563362024,6497804.03016175,4.1
"406",,68.3440109616084,,478.596317330442,698844.187563117,6497836.73716357,699289.002787911,6498013.35497341,4.3
"407",,101.513831184469,,720.979842113197,697006.054060662,6497476.96014352,697712.52530004,6497333.0493355,4.8
"408",,162.159795692303,,597.849639251172,697705.983899675,6497378.83913805,697889.143109884,6496809.73730633,4.6
"409",,46.4441255309859,,550.605643089989,696371.538225295,6497071.39332091,696770.563647536,6497450.79454206,4.5
"410",,35.7889734592301,,346.755925156897,696894.850254463,6497588.16394972,697097.633665766,6497869.44416539,4
"411",,101.309932474003,,833.86820263423,696731.315245348,6498026.43777414,697548.990290924,6497862.90276503,5
"412",,60.7511736634936,,562.294148552784,697516.283289101,6497817.11296248,698006.888316447,6498091.85177779,4.5
"413",,3.40644375500108,,550.450192595202,698896.518766034,6497686.28495518,698863.811764211,6497136.80732456,4.5
"414",,83.102572442259,,817.046829813727,698818.021961659,6497091.01752201,699629.155606871,6497189.13852747,4.9
"415",,37.3331957381629,,485.387775421179,698471.327742335,6496665.82649831,698765.690758742,6497051.76911982,4.4
"416",,70.9065079995386,,179.977688835817,697352.748279986,6497038.68631909,697522.824689466,6497097.55892237,3.2
"417",,105.694924143461,,822.163211400218,697058.385263579,6497169.51432638,697849.894707697,6496947.10671398,4.9
"418",,86.4482666451853,,950.328377308629,694396.035315182,6495553.78843632,695344.538368051,6495612.6610396,5.1
"419",,61.313852426297,,790.400413372435,695756.646591021,6496521.91569028,696450.03502967,6496901.31691143,4.9
"420",,16.760110832392,,1769.38531809498,695089.423753831,6495893.94125528,695599.652982271,6497588.16394972,5.8
"421",,146.309932474034,,1084.92630368568,697064.926663943,6496561.16409247,697666.735497487,6495658.45084216,5.3
"422",,144.950626687963,,1070.71354834917,698131.174923375,6496489.20868846,698746.066557648,6495612.6610396,5.2
"423",,8.20235424462422,,733.599896311653,699230.130184629,6496332.21507971,699125.467778796,6495606.11963924,4.8
"424",,164.357753542766,,509.473892379371,693611.067271429,6496338.75648007,693748.436679086,6495848.15145273,4.4
"425",,45.5208563745105,,2035.2902624503,692413.991004705,6492610.15827225,693866.181885649,6494036.18355173,6
"426",,58.3041919729058,,1668.31359875778,692400.908203976,6493578.28552621,693820.392083096,6494454.83317507,5.7
"427",,15.7247457227543,,699.96040563719,691347.742745274,6493166.17730324,691537.443355847,6493839.94154079,4.8
"428",,64.3978124485914,,348.172140991142,691524.360555118,6493794.15173824,691838.347772619,6493944.60394663,4
"429",,9.68878656035796,,272.078222949566,691838.347772619,6493892.27274371,691884.137575172,6494160.47015866,3.7
"430",,101.956584243131,,1136.69889855435,696325.748422742,6495108.97321153,697437.786484726,6494873.4827984,5.3
"431",,54.5445255655163,,1060.02984196392,698510.576144522,6494624.90958455,699374.040992651,6495239.80121882,5.2
"432",,80.7676481490858,,1875.51200188381,698458.244941605,6495651.90944179,700309.46124479,6495952.81385856,5.9
"433",,38.3278000027893,,1234.10760363995,696247.251618367,6495730.40624617,697012.595461026,6496698.53350013,5.4
"434",,56.169501923123,,740.219500782487,698752.607958013,6496534.99849101,699367.499592286,6496947.10671398,4.8
"435",,104.14234664207,,856.723687064995,698844.187563117,6496979.81371581,699674.945409423,6496770.48890414,5
"436",,0.868051449748833,,1295.34593185232,698222.754528479,6497601.24675045,698203.130327386,6496306.04947825,5.4
"437",,97.0626026704048,,744.829709622306,693794.226481638,6493676.40653168,694533.404722839,6493584.82692657,4.8
"438",,60.3168598208832,,1505.8866268817,693983.927092212,6491962.55963615,695292.207165134,6492708.27927772,5.6
"439",,46.1811889133301,,897.531620620309,695416.493772061,6492243.83985183,696064.092408158,6492865.27288647,5
"440",,57.4960110444271,,876.474421168193,697241.544473788,6492878.3556872,697980.722714989,6493349.33651345,5
"441",,31.5221772467982,,575.53172014159,698098.467921552,6493525.95432329,698399.372338324,6494016.55935064,4.5
"442",,65.4622715234264,,1653.88801157241,690778.640913553,6491812.10742776,692283.162997413,6492498.95446605,5.7
"443",,10.6196552761859,,212.972565965195,690916.010321209,6493172.7187036,690955.258723397,6493382.04351527,3.4
"444",,14.5742161980578,,337.944215944532,691105.710931783,6493512.87152256,691190.749136523,6493839.94154079,3.9
"445",,48.8140748342362,,417.216238172013,692839.182028405,6494448.2917747,693153.169245906,6494723.03059002,4.2
"446",,43.8618229925071,,698.583583486808,690582.398902614,6493990.39374918,691066.462529595,6494494.08157725,4.8
"447",,163.300755766028,,409.765348824472,691086.086730689,6494919.27260095,691203.831937252,6494526.78857908,4.2
"448",,68.290117240127,,1520.81579660416,688068.865812512,6491317.41402519,689481.808291268,6491879.97445655,5.6
"449",,79.7778313663799,,810.922604842496,689128.572671579,6490951.09560477,689926.623516062,6491095.00641279,4.9
"450",,9.46232220803113,,795.795700670332,690057.451523354,6492835.01890978,690188.279530646,6493619.98695353,4.9
"451",,67.0942303415675,,2016.78915973191,687244.649366571,6491474.40763394,689102.407070121,6492259.37567769,5.9
"452",,62.5924245621607,,795.795700670837,688827.668254807,6492573.36289519,689534.139494185,6492939.68131561,4.9
"453",,44.0178828367745,,1619.15185846088,689521.056693456,6493449.91054405,690646.177556169,6494614.27980895,5.7
"454",,94.6354634268952,,1456.95651560509,690227.527932834,6501142.59737283,691679.718813777,6501024.85216627,5.6
"455",,80.4777449900637,,2056.16515149231,695290.571815043,6501247.25977867,697318.405928072,6501587.41259763,6
"456",,5.91312244424665,,3682.77935809097,684772.000028749,6496171.13309573,684392.598807601,6492507.94889155,6.6
"457",,111.299862950356,,4718.10489933581,684379.516006872,6492534.11449301,688775.33705189,6490820.26759748,6.9
"458",,65.6298799461317,,1680.4143289196,687584.802185531,6490676.35678946,689115.48987085,6491369.74522811,5.7
"459",,81.0475266658464,,3867.29005823905,689573.387896373,6490362.36957196,693393.565709305,6490964.1784055,6.7
"460",,58.8311771298309,,3134.44357105259,695068.164202646,6491252.00002154,697750.138352136,6492874.26731197,6.4
"461",,78.7399332919037,,2948.0459313652,690044.368722625,6490924.93000331,692935.667683783,6491500.5732354,6.4
"462",,80.6470207499212,,1127.02082837227,694257.030557434,6491853.80885509,695369.068619418,6492036.9680653,5.3
"463",,101.070202577939,,3066.09607563246,697946.380363074,6494418.03779802,700955.424530795,6493829.3117652,6.4
"464",,103.600542516638,,834.535030571758,698679.017203911,6498853.10724522,699490.150849122,6498656.86523428,5
"465",,170.53767779198,,397.897850335625,699019.170022871,6499232.50846637,699084.584026517,6498840.02444449,4.1
"466",,176.633539336566,,891.168273464835,699385.488443289,6499572.66128533,699437.819646206,6498683.03083574,5
"467",,177.273689006086,,550.100268368888,699346.240041101,6498473.70602407,699372.40564256,6497924.22839345,4.5
"468",,111.960564020065,,874.592812238581,699437.819646206,6497884.97999126,700248.953291417,6497557.90997303,5
"469",,64.3589941757604,,234.197154940783,688542.544229682,6498071.6498276,688753.678364855,6498172.99421248,3.5
"470",,136.218875235139,,421.105431493973,688496.094719944,6500529.25116101,688787.459826482,6500225.21800636,4.2
"471",,97.8049879327193,,2351.9867769678,700533.700472851,6497426.81536585,702863.898495785,6497107.41127548,6.1
"472",,87.1844433157936,,2216.72703169632,700156.222911504,6496766.2296335,702370.273992485,6496875.11739158,6.1
"473",,57.528807709065,,189.296355834552,702515.457669926,6496947.7092303,702675.159715111,6497049.33780451,3.3
"474",,63.434948822852,,340.872600581691,702776.78828932,6496940.45004643,703081.674011947,6497092.89290774,4
"475",,97.0457691248654,,650.98327584407,700236.073934096,6497078.37454,700882.141298711,6496998.5235174,4.7
"476",,72.1312983067198,,2555.07804817579,698871.347366148,6494465.06834605,701303.173963291,6495249.06020423,6.2
"477",,69.6521507373431,,1169.08925254664,700686.143334165,6495336.1704107,701782.280098847,6495742.68470753,5.3
"478",,76.7335191534631,,917.360962381171,699829.559637261,6495481.35408814,700722.439253525,6495691.87042043,5.1
"479",,51.4495347038328,,2376.22706329707,700882.141298711,6494486.84589767,702740.49236996,6495967.71940757,6.1
"480",,92.4195092166678,,2063.4477554498,702363.014808613,6496287.12349794,704424.62302828,6496200.01329147,6
"481",,64.875042184714,,4650.3218026793,689761.071606701,6488650.46206452,693971.398252501,6490624.96007773,6.9
"482",,110.157610894548,,7882.87342074763,707794.357595216,6486597.25651079,715194.391047925,6483880.78853448,
"483",,99.1113570447773,,5028.02077077946,709948.797714359,6495027.67436831,714913.377119341,6494231.46823732,
"484",,106.557071375649,,1807.88054090538,669576.46330781,6499851.746809,671309.382534077,6499336.55460659,
"485",,103.609731895816,,4577.93070450043,667000.502295791,6496058.05877311,671449.889498369,6494980.83871354,
"486",,92.9356734464207,,3657.98157441235,662363.772474157,6493528.93341586,666016.953545747,6493341.5907968,
"487",,62.102728969082,,900.901807164705,666485.310093387,6493388.42645157,667281.516224375,6493809.94734444,
"488",,107.753789349286,,11212.5183543718,670606.847712617,6493107.41252298,681285.376998804,6489688.40972521,
"489",,100.49147701233,,5144.25229879962,703672.819975986,6484208.63811783,708731.070690496,6483271.92502255,
"490",,106.771223818628,,3570.89234685565,702361.421642595,6498680.8554399,705780.424440365,6497650.47103509,
"491",,83.405484967773,,8156.53382635202,672246.095629356,6493294.75514204,680348.663903525,6494231.46823732,
"492",,79.0888716157185,,3958.9289954461,679411.950808245,6490859.30109431,683299.310153655,6491608.67157054,
"493",,82.3039482779847,,6994.68198985001,669108.10676017,6496339.0727017,676039.783665239,6497275.78579698,
"494",,51.9112271190208,,2201.77396917754,693931.003785078,6486784.59912985,695663.923011346,6488142.833118,
"495",,24.9047688080916,,2891.69871527738,695710.75866611,6488095.99746324,696928.485689973,6490718.79413002,
"496",,108.060471936185,,2266.09077539613,694352.524677954,6482569.39020109,696506.964797097,6481866.85537963,
"497",,30.3112132266819,,7052.77160855211,697022.156999501,6482382.04758203,700581.666761563,6488470.68270135,
"498",,50.0131137550403,,1894.96387777912,702736.106880706,6492592.22032058,704188.01217839,6493809.94734444,
"499",,88.8308606720812,,2295.42494852786,704328.519142681,6493997.2899635,706623.466226117,6494044.12561826,
"500",,88.5311992856145,,3654.38178849105,698708.240571004,6492170.6994277,702361.421642595,6492264.37073723,
"501",,62.3869721769063,,3435.64349374864,706155.109678477,6488564.35401088,709199.427238135,6490156.76627285,
"502",,58.5125306357848,,4393.82349231944,709901.962059595,6491093.47936813,713648.814440713,6493388.42645157,
"503",,101.169501923078,,7495.16823354466,709527.276821483,6494465.64651114,716880.474619428,6493013.74121346,
"504",,55.113952145789,,6223.50516862987,689481.6165825,6486316.24258221,694586.702951774,6489875.75234427,
"505",,75.0685828218648,,2181.25465970914,671637.232117425,6493669.44038015,673744.836581804,6494231.46823732,
"506",,84.2894068625013,,2824.15503007043,674494.207058027,6494325.13954685,677304.346343866,6494606.15347543,
"507",,62.4471884232847,,1215.02196234288,677117.00372481,6494980.83871354,678194.223784382,6495542.86657071,
"508",,16.127575825958,,1011.65285329493,698193.0483686,6492568.8024932,697912.034440017,6491596.96265685,
"509",,15.5928109392629,,522.721368443633,697478.80463345,6491315.94872826,697338.297669158,6490812.46543955,
"510",,80.6900598250336,,723.777575767744,696682.598502462,6490683.66738895,697396.842237613,6490800.75652586,
"511",,87.0643265536087,,457.247696801575,696225.950868513,6491351.07546933,696682.598502462,6491374.49329672,
"512",,88.1523897339997,,1089.49538629085,696893.3589489,6491456.45569255,697982.287922163,6491491.58243363,
"513",,27.1213034041868,,539.373114035257,696647.471761389,6490578.28716573,696401.584573878,6490098.2217044,
"514",,97.5946433685152,,531.564048723636,699586.409097829,6499055.54067801,700113.310213924,6498985.28719586,
"515",,163.193540734871,,2996.68138397684,685582.548323399,6497486.54624342,686449.007936533,6494617.86238912,
"516",,151.389540334026,,2053.97175250209,683955.009320351,6498247.62563333,684938.558070395,6496444.45292492,
"517",,102.115241802442,,2287.34760282969,699785.460630576,6498587.18413037,702021.863145556,6498107.11866904,
"518",,43.8766972859084,,844.666458266334,687139.833844302,6491971.64789496,687725.279528851,6492580.51140689,
"519",,180,,1674.3746578116,687982.875630053,6493564.06015693,687982.875630053,6491889.68549912,
"520",,180,,597.154598240741,687713.57061516,6492334.62421938,687713.57061516,6491737.46962114,
"521",,72.2161115572814,,651.714391533817,699445.902133537,6500706.49750844,700066.47455916,6500905.54904119,
"522",,82.3039482779999,,1311.50287309684,700066.47455916,6500987.51143702,701366.16397886,6501163.14514239,
"523",,83.4180553448449,,1225.80639240533,696565.509365552,6500308.39444295,697783.236389416,6500448.90140724,
"524",,93.6677880555232,,915.169772697842,698895.58319006,6500542.57271677,699808.878457958,6500484.02814831,
"525",,82.1762892681244,,1548.27971213466,700206.981523452,6500683.07968106,701740.849216972,6500893.8401275,
"526",,56.3099324739827,,295.519620850123,699914.258681177,6500507.44597569,700160.145868688,6500671.37076737,
"527",,71.0534953105164,,829.434189669309,696787.978725681,6500647.95293998,697572.475942978,6500917.25795488,
